{
  "n": 5090,
  "advanced": {
    "pow2_diff_only": {
      "edges": 57979,
      "spectral": {
        "algebraic_connectivity": 3.0393443624678853,
        "spectral_gap": 3.0393443624678853,
        "lambda_2": 3.0393443624678853,
        "lambda_3": 3.992972970971763
      },
      "small_world": {
        "sigma": 19.958722381727153,
        "gamma": 28.701653328841466,
        "lambda": 1.4380506316936772,
        "C_real": 0.12567772142419134,
        "C_rand": 0.004378762435190499,
        "L_real": 4.318035959913539,
        "L_rand": 3.002700923560621
      },
      "robustness": {
        "random_removal": {
          "0.05": {
            "mean": 1.0,
            "std": 0.0
          },
          "0.1": {
            "mean": 1.0,
            "std": 0.0
          },
          "0.2": {
            "mean": 1.0,
            "std": 0.0
          },
          "0.3": {
            "mean": 1.0,
            "std": 0.0
          },
          "0.5": {
            "mean": 1.0,
            "std": 0.0
          }
        },
        "targeted_removal": {
          "0.05": 1.0,
          "0.1": 1.0,
          "0.2": 1.0,
          "0.3": 1.0,
          "0.5": 1.0
        }
      },
      "degree_distribution": {
        "histogram": [
          2,
          0,
          0,
          0,
          2,
          0,
          0,
          0,
          0,
          4,
          0,
          0,
          0,
          8,
          0,
          0,
          0,
          0,
          16,
          0,
          0,
          0,
          32,
          0,
          0,
          0,
          0,
          64,
          0,
          0,
          0,
          128,
          0,
          0,
          0,
          0,
          256,
          0,
          0,
          0,
          572,
          0,
          0,
          0,
          0,
          3012,
          0,
          0,
          0,
          994
        ],
        "bin_edges": [
          13.0,
          13.22,
          13.44,
          13.66,
          13.88,
          14.1,
          14.32,
          14.54,
          14.76,
          14.98,
          15.2,
          15.42,
          15.64,
          15.86,
          16.08,
          16.3,
          16.52,
          16.740000000000002,
          16.96,
          17.18,
          17.4,
          17.62,
          17.84,
          18.06,
          18.28,
          18.5,
          18.72,
          18.94,
          19.16,
          19.38,
          19.6,
          19.82,
          20.04,
          20.259999999999998,
          20.48,
          20.7,
          20.92,
          21.14,
          21.36,
          21.58,
          21.8,
          22.02,
          22.240000000000002,
          22.46,
          22.68,
          22.9,
          23.119999999999997,
          23.34,
          23.560000000000002,
          23.78,
          24.0
        ],
        "skewness": -2.5222260442156386,
        "kurtosis": 10.022926156318608
      },
      "assortativity": 0.6847196519466253
    },
    "v2.0_strategic_OR": {
      "edges": 1587325,
      "spectral": {
        "algebraic_connectivity": 332.23931686435634,
        "spectral_gap": 332.23931686435634,
        "lambda_2": 332.23931686435634,
        "lambda_3": 333.80916864405026
      },
      "small_world": {
        "sigma": 0.12463879591838559,
        "gamma": 0.12464592637382838,
        "lambda": 1.0000572089564108,
        "C_real": 0.01526900179387929,
        "C_rand": 0.12249900368252457,
        "L_real": 1.8778070347809,
        "L_rand": 1.8776996135455561
      },
      "robustness": {
        "random_removal": {
          "0.05": {
            "mean": 1.0,
            "std": 0.0
          },
          "0.1": {
            "mean": 1.0,
            "std": 0.0
          },
          "0.2": {
            "mean": 1.0,
            "std": 0.0
          },
          "0.3": {
            "mean": 1.0,
            "std": 0.0
          },
          "0.5": {
            "mean": 1.0,
            "std": 0.0
          }
        },
        "targeted_removal": {
          "0.05": 1.0,
          "0.1": 1.0,
          "0.2": 1.0,
          "0.3": 1.0,
          "0.5": 1.0
        }
      },
      "degree_distribution": {
        "histogram": [
          10,
          52,
          56,
          26,
          184,
          373,
          304,
          277,
          259,
          174,
          107,
          187,
          189,
          176,
          105,
          76,
          115,
          129,
          161,
          96,
          87,
          249,
          149,
          58,
          51,
          32,
          108,
          211,
          74,
          81,
          46,
          35,
          78,
          98,
          51,
          64,
          104,
          34,
          91,
          60,
          41,
          24,
          37,
          18,
          32,
          38,
          25,
          14,
          18,
          26
        ],
        "bin_edges": [
          583.0,
          585.22,
          587.44,
          589.66,
          591.88,
          594.1,
          596.32,
          598.54,
          600.76,
          602.98,
          605.2,
          607.42,
          609.64,
          611.86,
          614.08,
          616.3,
          618.52,
          620.74,
          622.96,
          625.1800000000001,
          627.4,
          629.62,
          631.84,
          634.06,
          636.28,
          638.5,
          640.72,
          642.94,
          645.16,
          647.38,
          649.6,
          651.82,
          654.04,
          656.26,
          658.48,
          660.7,
          662.92,
          665.14,
          667.36,
          669.58,
          671.8,
          674.02,
          676.24,
          678.46,
          680.6800000000001,
          682.9,
          685.12,
          687.34,
          689.56,
          691.78,
          694.0
        ],
        "skewness": 0.6773827507287931,
        "kurtosis": -0.5463938251065752
      },
      "assortativity": 0.050827147703388156
    },
    "v1.0_strict_AND": {
      "edges": 1249,
      "spectral": {
        "algebraic_connectivity": 0.585786437626905,
        "spectral_gap": 0.585786437626905,
        "lambda_2": 0.585786437626905,
        "lambda_3": 1.9999999999999996
      },
      "assortativity": -0.19639305192721998
    }
  }
}