{
  "n": 5090,
  "num_pairs": 4999,
  "success_rate": 1.0,
  "successes": 4999,
  "failures": 0,
  "greedy_path_length": {
    "mean": 4.344468893778756,
    "std": 1.0716317426714164,
    "median": 4.0,
    "max": 9,
    "p95": 6.0,
    "p99": 7.0
  },
  "shortest_path_length": {
    "mean": 4.308061612322464,
    "std": 1.0313727596550883,
    "median": 4.0,
    "max": 7
  },
  "stretch": {
    "mean": 1.0082083083283322,
    "std": 0.0596677306938874,
    "median": 1.0,
    "max": 2.6666666666666665,
    "p95": 1.0,
    "pct_optimal": 97.35947189437888,
    "pct_within_2x": 99.97999599919984
  },
  "theoretical_diameter": 13,
  "runtime_s": 0.5204472541809082,
  "stretch_histogram": {
    "=1.0": 4867,
    "1.0-1.5": 110,
    "1.5-2.0": 20,
    "2.0-3.0": 2,
    "3.0-5.0": 0,
    ">5.0": 0
  }
}