{
  "n": 5090,
  "seeds": 10,
  "baselines": {
    "v1.0_strict_AND": {
      "seeds": 10,
      "target_edges": 1249,
      "density": {
        "mean": 9.643666894310738e-05,
        "std": 0.0,
        "min": 9.643666894310738e-05,
        "max": 9.643666894310738e-05
      },
      "giant_component_frac": {
        "mean": 0.002966601178781925,
        "std": 0.0005448103977941864,
        "min": 0.0021611001964636544,
        "max": 0.0041257367387033395
      },
      "diameter_sampled": {
        "mean": 8.5,
        "std": 1.857417562100671,
        "min": 6.0,
        "max": 13.0
      },
      "avg_path_length_sampled": {
        "mean": 3.785613567718831,
        "std": 0.5254851676256771,
        "min": 3.018181818181818,
        "max": 5.0
      },
      "clustering_coefficient": {
        "mean": 0.0,
        "std": 0.0,
        "min": 0.0,
        "max": 0.0
      },
      "transitivity": {
        "mean": 0.0,
        "std": 0.0,
        "min": 0.0,
        "max": 0.0
      },
      "degree_mean": {
        "mean": 0.4907662082514735,
        "std": 0.0,
        "min": 0.4907662082514735,
        "max": 0.4907662082514735
      },
      "degree_std": {
        "mean": 0.7001412664546898,
        "std": 0.008401111519979722,
        "min": 0.6843846291282395,
        "max": 0.7097505042952151
      }
    },
    "prime_sum_only": {
      "seeds": 10,
      "target_edges": 1530595,
      "density": {
        "mean": 0.11817892978460805,
        "std": 0.0,
        "min": 0.11817892978460805,
        "max": 0.11817892978460805
      },
      "giant_component_frac": {
        "mean": 1.0,
        "std": 0.0,
        "min": 1.0,
        "max": 1.0
      },
      "diameter_sampled": {
        "mean": 2.0,
        "std": 0.0,
        "min": 2.0,
        "max": 2.0
      },
      "avg_path_length_sampled": {
        "mean": 1.8818517062946225,
        "std": 0.00020995009481337393,
        "min": 1.8814442916093534,
        "max": 1.8821720049780573
      },
      "clustering_coefficient": {
        "mean": 0.11819528716357544,
        "std": 2.044029625274904e-05,
        "min": 0.11815970998783504,
        "max": 0.11823226047571654
      },
      "transitivity": {
        "mean": 0.11819142301853773,
        "std": 1.8147813692426705e-05,
        "min": 0.11816598137694052,
        "max": 0.11822069848468546
      },
      "degree_mean": {
        "mean": 601.4125736738704,
        "std": 0.0,
        "min": 601.4125736738704,
        "max": 601.4125736738704
      },
      "degree_std": {
        "mean": 23.1674141523797,
        "std": 0.13931186463567335,
        "min": 22.99534246548816,
        "max": 23.39550439278251
      }
    },
    "pow2_diff_only": {
      "seeds": 10,
      "target_edges": 57979,
      "density": {
        "mean": 0.00447662260100274,
        "std": 0.0,
        "min": 0.00447662260100274,
        "max": 0.00447662260100274
      },
      "giant_component_frac": {
        "mean": 1.0,
        "std": 0.0,
        "min": 1.0,
        "max": 1.0
      },
      "diameter_sampled": {
        "mean": 4.0,
        "std": 0.0,
        "min": 4.0,
        "max": 4.0
      },
      "avg_path_length_sampled": {
        "mean": 3.0069588655269532,
        "std": 0.004063193180266846,
        "min": 3.0004185498133227,
        "max": 3.014860155891793
      },
      "clustering_coefficient": {
        "mean": 0.004489615105706038,
        "std": 0.0001773254360614874,
        "min": 0.004280651635974553,
        "max": 0.004830438333732536
      },
      "transitivity": {
        "mean": 0.004513691329953072,
        "std": 8.272327371423003e-05,
        "min": 0.004385429516579183,
        "max": 0.0046251423586711575
      },
      "degree_mean": {
        "mean": 22.781532416502948,
        "std": 0.0,
        "min": 22.781532416502948,
        "max": 22.781532416502948
      },
      "degree_std": {
        "mean": 4.745414449075231,
        "std": 0.029288663185352226,
        "min": 4.692573743621132,
        "max": 4.799538780377956
      }
    },
    "v2.0_strategic_OR": {
      "seeds": 10,
      "target_edges": 1587325,
      "density": {
        "mean": 0.1225591157166677,
        "std": 1.3877787807814457e-17,
        "min": 0.12255911571666768,
        "max": 0.12255911571666768
      },
      "giant_component_frac": {
        "mean": 1.0,
        "std": 0.0,
        "min": 1.0,
        "max": 1.0
      },
      "diameter_sampled": {
        "mean": 2.0,
        "std": 0.0,
        "min": 2.0,
        "max": 2.0
      },
      "avg_path_length_sampled": {
        "mean": 1.8774727844370207,
        "std": 0.00020347617915508417,
        "min": 1.877059016178686,
        "max": 1.877792624615183
      },
      "clustering_coefficient": {
        "mean": 0.1225797900537204,
        "std": 1.899920097690323e-05,
        "min": 0.1225433022029728,
        "max": 0.12261257664610051
      },
      "transitivity": {
        "mean": 0.12257271319933102,
        "std": 1.6191265703895783e-05,
        "min": 0.1225480513076057,
        "max": 0.12259635423066169
      },
      "degree_mean": {
        "mean": 623.7033398821219,
        "std": 1.1368683772161603e-13,
        "min": 623.7033398821218,
        "max": 623.7033398821218
      },
      "degree_std": {
        "mean": 23.564824623114607,
        "std": 0.14250031856607928,
        "min": 23.323243392844976,
        "max": 23.767166449241145
      }
    }
  }
}