{
  "n": 5090,
  "real_edges": 1587325,
  "computed_edges": 1587325,
  "intersection": 1587325,
  "in_real_not_computed": 0,
  "in_computed_not_real": 0,
  "match_pct": 100.0,
  "build_time_s": 2.35215425491333,
  "vault_metrics": {
    "n": 5090,
    "edges": 1587325,
    "density": 0.12255911571666768,
    "num_components": 1,
    "giant_component_size": 5090,
    "giant_component_frac": 1.0,
    "degree_mean": 623.7033398821218,
    "degree_std": 26.260116558283165,
    "degree_min": 583,
    "degree_max": 694,
    "degree_median": 618.0,
    "diameter_sampled": 3,
    "avg_path_length_sampled": 1.878000786009039,
    "clustering_coefficient": 0.01528673934232597,
    "transitivity": 0.01528860599389755,
    "is_connected": true
  },
  "metric_time_s": 75.34418201446533
}